name,bus0,bus1,x,r,s_nom
2,1,2,2.308285036,0.425590054,500
